accuracy,fold,dataset,seed
0.9954545454545455,0.0,32,10
0.9881818181818182,1.0,32,10
0.989080982711556,2.0,32,10
0.989080982711556,3.0,32,10
0.9963603275705186,4.0,32,10
0.9954504094631483,5.0,32,10
0.9936305732484076,6.0,32,10
0.9927206551410374,7.0,32,10
0.991810737033667,8.0,32,10
0.9909008189262967,9.0,32,10
0.856,0.0,58,10
0.85,1.0,58,10
0.884,2.0,58,10
0.878,3.0,58,10
0.854,4.0,58,10
0.872,5.0,58,10
0.862,6.0,58,10
0.882,7.0,58,10
0.846,8.0,58,10
0.844,9.0,58,10
0.7700794351279788,0.0,219,10
0.7579435127978817,1.0,219,10
0.7442065769145884,2.0,219,10
0.7693665857426617,3.0,219,10
0.7638490399470316,4.0,219,10
0.7687044802471861,5.0,219,10
0.7792981681747958,6.0,219,10
0.7720150077245641,7.0,219,10
0.765393952769808,8.0,219,10
0.7671595674244096,9.0,219,10
0.975,0.0,20,10
0.98,1.0,20,10
0.985,2.0,20,10
0.97,3.0,20,10
0.94,4.0,20,10
0.985,5.0,20,10
0.975,6.0,20,10
0.97,7.0,20,10
0.975,8.0,20,10
0.97,9.0,20,10
0.72,0.0,18,10
0.73,1.0,18,10
0.73,2.0,18,10
0.74,3.0,18,10
0.725,4.0,18,10
0.795,5.0,18,10
0.765,6.0,18,10
0.74,7.0,18,10
0.745,8.0,18,10
0.75,9.0,18,10
1.0,0.0,11,10
0.9523809523809523,1.0,11,10
0.9365079365079365,2.0,11,10
0.9365079365079365,3.0,11,10
0.9365079365079365,4.0,11,10
0.9838709677419355,5.0,11,10
0.8709677419354839,6.0,11,10
0.967741935483871,7.0,11,10
0.9838709677419355,8.0,11,10
0.9516129032258065,9.0,11,10
0.8695652173913043,0.0,29,10
0.8840579710144928,1.0,29,10
0.8260869565217391,2.0,29,10
0.782608695652174,3.0,29,10
0.927536231884058,4.0,29,10
0.8405797101449275,5.0,29,10
0.8405797101449275,6.0,29,10
0.8260869565217391,7.0,29,10
0.8840579710144928,8.0,29,10
0.8840579710144928,9.0,29,10
0.98,0.0,16,10
0.975,1.0,16,10
0.985,2.0,16,10
0.98,3.0,16,10
0.96,4.0,16,10
0.985,5.0,16,10
0.975,6.0,16,10
0.98,7.0,16,10
0.98,8.0,16,10
0.98,9.0,16,10
0.9404388714733543,0.0,45,10
0.9686520376175548,1.0,45,10
0.9592476489028213,2.0,45,10
0.9498432601880877,3.0,45,10
0.9592476489028213,4.0,45,10
0.9717868338557993,5.0,45,10
0.9686520376175548,6.0,45,10
0.9592476489028213,7.0,45,10
0.9498432601880877,8.0,45,10
0.9780564263322884,9.0,45,10
0.9045,0.0,6,10
0.8985,1.0,6,10
0.9015,2.0,6,10
0.903,3.0,6,10
0.9005,4.0,6,10
0.894,5.0,6,10
0.895,6.0,6,10
0.8985,7.0,6,10
0.8985,8.0,6,10
0.9035,9.0,6,10
0.9822064056939501,0.0,28,10
0.9857651245551602,1.0,28,10
0.9857651245551602,2.0,28,10
0.9804270462633452,3.0,28,10
0.9839857651245552,4.0,28,10
0.9661921708185054,5.0,28,10
0.9822064056939501,6.0,28,10
0.9822064056939501,7.0,28,10
0.9750889679715302,8.0,28,10
0.9857651245551602,9.0,28,10
1.0,0.0,21,10
0.9942196531791907,1.0,21,10
0.9942196531791907,2.0,21,10
1.0,3.0,21,10
1.0,4.0,21,10
1.0,5.0,21,10
0.9884393063583815,6.0,21,10
1.0,7.0,21,10
0.9941860465116279,8.0,21,10
1.0,9.0,21,10
0.9262472885032538,0.0,43,10
0.9304347826086956,1.0,43,10
0.9434782608695652,2.0,43,10
0.9391304347826087,3.0,43,10
0.9,4.0,43,10
0.9369565217391305,5.0,43,10
0.9239130434782609,6.0,43,10
0.9195652173913044,7.0,43,10
0.9391304347826087,8.0,43,10
0.9173913043478261,9.0,43,10
0.9523809523809523,0.0,36,10
0.9567099567099567,1.0,36,10
0.935064935064935,2.0,36,10
0.961038961038961,3.0,36,10
0.9783549783549783,4.0,36,10
0.9523809523809523,5.0,36,10
0.9826839826839827,6.0,36,10
0.9307359307359307,7.0,36,10
0.9567099567099567,8.0,36,10
0.9437229437229437,9.0,36,10
0.7,0.0,31,10
0.74,1.0,31,10
0.73,2.0,31,10
0.68,3.0,31,10
0.73,4.0,31,10
0.72,5.0,31,10
0.72,6.0,31,10
0.78,7.0,31,10
0.74,8.0,31,10
0.76,9.0,31,10
0.7176470588235294,0.0,53,10
0.6941176470588235,1.0,53,10
0.7529411764705882,2.0,53,10
0.7058823529411765,3.0,53,10
0.6941176470588235,4.0,53,10
0.7294117647058823,5.0,53,10
0.7261904761904762,6.0,53,10
0.7023809523809523,7.0,53,10
0.7380952380952381,8.0,53,10
0.6190476190476191,9.0,53,10
0.8181818181818182,0.0,37,10
0.7012987012987013,1.0,37,10
0.7532467532467533,2.0,37,10
0.7012987012987013,3.0,37,10
0.7662337662337663,4.0,37,10
0.8311688311688312,5.0,37,10
0.7922077922077922,6.0,37,10
0.8051948051948052,7.0,37,10
0.7894736842105263,8.0,37,10
0.6973684210526315,9.0,37,10
0.9130434782608695,0.0,41,10
0.9565217391304348,1.0,41,10
0.8695652173913043,2.0,41,10
0.9705882352941176,3.0,41,10
0.9705882352941176,4.0,41,10
0.9705882352941176,5.0,41,10
0.9117647058823529,6.0,41,10
0.8823529411764706,7.0,41,10
0.8676470588235294,8.0,41,10
0.9411764705882353,9.0,41,10
1.0,0.0,24,10
1.0,1.0,24,10
1.0,2.0,24,10
1.0,3.0,24,10
1.0,4.0,24,10
1.0,5.0,24,10
1.0,6.0,24,10
1.0,7.0,24,10
1.0,8.0,24,10
1.0,9.0,24,10
0.5945945945945946,0.0,23,10
0.5472972972972973,1.0,23,10
0.4797297297297297,2.0,23,10
0.47619047619047616,3.0,23,10
0.5374149659863946,4.0,23,10
0.5578231292517006,5.0,23,10
0.5578231292517006,6.0,23,10
0.5510204081632653,7.0,23,10
0.54421768707483,8.0,23,10
0.6054421768707483,9.0,23,10
0.9714285714285714,0.0,15,10
0.9714285714285714,1.0,15,10
0.9714285714285714,2.0,15,10
0.9714285714285714,3.0,15,10
0.9857142857142858,4.0,15,10
0.9714285714285714,5.0,15,10
0.9714285714285714,6.0,15,10
0.9428571428571428,7.0,15,10
0.9571428571428572,8.0,15,10
0.9710144927536232,9.0,15,10
0.934375,0.0,3,10
0.9375,1.0,3,10
0.934375,2.0,3,10
0.95625,3.0,3,10
0.940625,4.0,3,10
0.940625,5.0,3,10
0.9247648902821317,6.0,3,10
0.9373040752351097,7.0,3,10
0.9498432601880877,8.0,3,10
0.9561128526645768,9.0,3,10
0.965,0.0,12,10
0.975,1.0,12,10
0.965,2.0,12,10
0.96,3.0,12,10
0.96,4.0,12,10
0.965,5.0,12,10
0.985,6.0,12,10
0.965,7.0,12,10
0.975,8.0,12,10
0.985,9.0,12,10
1.0,0.0,49,10
1.0,1.0,49,10
1.0,2.0,49,10
1.0,3.0,49,10
1.0,4.0,49,10
1.0,5.0,49,10
1.0,6.0,49,10
1.0,7.0,49,10
1.0,8.0,49,10
1.0,9.0,49,10
0.805,0.0,14,10
0.83,1.0,14,10
0.83,2.0,14,10
0.865,3.0,14,10
0.795,4.0,14,10
0.84,5.0,14,10
0.82,6.0,14,10
0.835,7.0,14,10
0.835,8.0,14,10
0.79,9.0,14,10
0.775,0.0,22,10
0.84,1.0,22,10
0.84,2.0,22,10
0.85,3.0,22,10
0.82,4.0,22,10
0.835,5.0,22,10
0.86,6.0,22,10
0.82,7.0,22,10
0.82,8.0,22,10
0.81,9.0,22,10
0.9918181818181818,0.0,32,100
0.9781818181818182,1.0,32,100
0.986351228389445,2.0,32,100
0.9872611464968153,3.0,32,100
0.986351228389445,4.0,32,100
0.989080982711556,5.0,32,100
0.9872611464968153,6.0,32,100
0.9909008189262967,7.0,32,100
0.986351228389445,8.0,32,100
0.9872611464968153,9.0,32,100
0.854,0.0,58,100
0.856,1.0,58,100
0.874,2.0,58,100
0.878,3.0,58,100
0.848,4.0,58,100
0.868,5.0,58,100
0.856,6.0,58,100
0.88,7.0,58,100
0.85,8.0,58,100
0.868,9.0,58,100
0.975,0.0,20,100
0.975,1.0,20,100
0.985,2.0,20,100
0.97,3.0,20,100
0.955,4.0,20,100
0.985,5.0,20,100
0.97,6.0,20,100
0.97,7.0,20,100
0.97,8.0,20,100
0.97,9.0,20,100
0.9206349206349206,0.0,11,100
0.9047619047619048,1.0,11,100
0.9047619047619048,2.0,11,100
0.9047619047619048,3.0,11,100
0.9047619047619048,4.0,11,100
0.9193548387096774,5.0,11,100
0.9032258064516129,6.0,11,100
0.9193548387096774,7.0,11,100
0.9193548387096774,8.0,11,100
0.8870967741935484,9.0,11,100
0.8695652173913043,0.0,29,100
0.8695652173913043,1.0,29,100
0.8985507246376812,2.0,29,100
0.782608695652174,3.0,29,100
0.927536231884058,4.0,29,100
0.8405797101449275,5.0,29,100
0.8405797101449275,6.0,29,100
0.8260869565217391,7.0,29,100
0.8985507246376812,8.0,29,100
0.8840579710144928,9.0,29,100
0.98,0.0,16,100
0.975,1.0,16,100
0.99,2.0,16,100
0.98,3.0,16,100
0.96,4.0,16,100
0.985,5.0,16,100
0.98,6.0,16,100
0.975,7.0,16,100
0.98,8.0,16,100
0.975,9.0,16,100
0.9404388714733543,0.0,45,100
0.9623824451410659,1.0,45,100
0.9561128526645768,2.0,45,100
0.9498432601880877,3.0,45,100
0.9498432601880877,4.0,45,100
0.9749216300940439,5.0,45,100
0.9655172413793104,6.0,45,100
0.9592476489028213,7.0,45,100
0.9435736677115988,8.0,45,100
0.9780564263322884,9.0,45,100
0.8735,0.0,6,100
0.8545,1.0,6,100
0.859,2.0,6,100
0.8615,3.0,6,100
0.863,4.0,6,100
0.8615,5.0,6,100
0.8565,6.0,6,100
0.8555,7.0,6,100
0.8545,8.0,6,100
0.866,9.0,6,100
0.9893238434163701,0.0,28,100
0.9911032028469751,1.0,28,100
0.9911032028469751,2.0,28,100
0.9822064056939501,3.0,28,100
0.9875444839857651,4.0,28,100
0.9679715302491103,5.0,28,100
0.9839857651245552,6.0,28,100
0.9875444839857651,7.0,28,100
0.9768683274021353,8.0,28,100
0.9822064056939501,9.0,28,100
1.0,0.0,21,100
0.9942196531791907,1.0,21,100
0.9942196531791907,2.0,21,100
0.9942196531791907,3.0,21,100
0.9942196531791907,4.0,21,100
0.9942196531791907,5.0,21,100
0.9826589595375722,6.0,21,100
0.9884393063583815,7.0,21,100
0.9941860465116279,8.0,21,100
1.0,9.0,21,100
0.9197396963123644,0.0,43,100
0.941304347826087,1.0,43,100
0.9478260869565217,2.0,43,100
0.9478260869565217,3.0,43,100
0.9108695652173913,4.0,43,100
0.9434782608695652,5.0,43,100
0.9173913043478261,6.0,43,100
0.9391304347826087,7.0,43,100
0.9391304347826087,8.0,43,100
0.9304347826086956,9.0,43,100
0.9437229437229437,0.0,36,100
0.935064935064935,1.0,36,100
0.9437229437229437,2.0,36,100
0.948051948051948,3.0,36,100
0.974025974025974,4.0,36,100
0.9567099567099567,5.0,36,100
0.948051948051948,6.0,36,100
0.935064935064935,7.0,36,100
0.9134199134199135,8.0,36,100
0.948051948051948,9.0,36,100
0.77,0.0,31,100
0.74,1.0,31,100
0.72,2.0,31,100
0.79,3.0,31,100
0.71,4.0,31,100
0.76,5.0,31,100
0.7,6.0,31,100
0.77,7.0,31,100
0.7,8.0,31,100
0.76,9.0,31,100
0.8235294117647058,0.0,53,100
0.7529411764705882,1.0,53,100
0.788235294117647,2.0,53,100
0.8,3.0,53,100
0.8,4.0,53,100
0.8470588235294118,5.0,53,100
0.7738095238095238,6.0,53,100
0.7976190476190477,7.0,53,100
0.7857142857142857,8.0,53,100
0.7142857142857143,9.0,53,100
0.8181818181818182,0.0,37,100
0.7012987012987013,1.0,37,100
0.7792207792207793,2.0,37,100
0.7272727272727273,3.0,37,100
0.7792207792207793,4.0,37,100
0.8311688311688312,5.0,37,100
0.7662337662337663,6.0,37,100
0.8051948051948052,7.0,37,100
0.7894736842105263,8.0,37,100
0.7105263157894737,9.0,37,100
0.9130434782608695,0.0,41,100
0.9420289855072463,1.0,41,100
0.8695652173913043,2.0,41,100
0.9705882352941176,3.0,41,100
0.9411764705882353,4.0,41,100
0.9705882352941176,5.0,41,100
0.9117647058823529,6.0,41,100
0.8970588235294118,7.0,41,100
0.8970588235294118,8.0,41,100
0.9264705882352942,9.0,41,100
1.0,0.0,24,100
1.0,1.0,24,100
1.0,2.0,24,100
1.0,3.0,24,100
1.0,4.0,24,100
1.0,5.0,24,100
1.0,6.0,24,100
1.0,7.0,24,100
1.0,8.0,24,100
1.0,9.0,24,100
0.5135135135135135,0.0,23,100
0.49324324324324326,1.0,23,100
0.44594594594594594,2.0,23,100
0.5102040816326531,3.0,23,100
0.5238095238095238,4.0,23,100
0.5170068027210885,5.0,23,100
0.4421768707482993,6.0,23,100
0.48299319727891155,7.0,23,100
0.5306122448979592,8.0,23,100
0.5986394557823129,9.0,23,100
0.9571428571428572,0.0,15,100
0.9571428571428572,1.0,15,100
0.9714285714285714,2.0,15,100
0.9285714285714286,3.0,15,100
0.9857142857142858,4.0,15,100
0.9714285714285714,5.0,15,100
0.9857142857142858,6.0,15,100
0.9428571428571428,7.0,15,100
0.9285714285714286,8.0,15,100
0.9565217391304348,9.0,15,100
0.95625,0.0,3,100
0.93125,1.0,3,100
0.93125,2.0,3,100
0.946875,3.0,3,100
0.94375,4.0,3,100
0.95625,5.0,3,100
0.9122257053291536,6.0,3,100
0.9686520376175548,7.0,3,100
0.9498432601880877,8.0,3,100
0.9529780564263323,9.0,3,100
0.965,0.0,12,100
0.975,1.0,12,100
0.975,2.0,12,100
0.97,3.0,12,100
0.97,4.0,12,100
0.96,5.0,12,100
0.985,6.0,12,100
0.965,7.0,12,100
0.985,8.0,12,100
0.99,9.0,12,100
0.9583333333333334,0.0,49,100
1.0,1.0,49,100
1.0,2.0,49,100
0.9791666666666666,3.0,49,100
0.9895833333333334,4.0,49,100
0.9791666666666666,5.0,49,100
0.9791666666666666,6.0,49,100
0.9791666666666666,7.0,49,100
0.9789473684210527,8.0,49,100
0.9894736842105263,9.0,49,100
0.825,0.0,14,100
0.8,1.0,14,100
0.835,2.0,14,100
0.895,3.0,14,100
0.8,4.0,14,100
0.84,5.0,14,100
0.83,6.0,14,100
0.865,7.0,14,100
0.855,8.0,14,100
0.82,9.0,14,100
0.79,0.0,22,100
0.86,1.0,22,100
0.86,2.0,22,100
0.845,3.0,22,100
0.845,4.0,22,100
0.82,5.0,22,100
0.845,6.0,22,100
0.83,7.0,22,100
0.83,8.0,22,100
0.8,9.0,22,100
0.9963636363636363,0.0,32,20
0.9890909090909091,1.0,32,20
0.989080982711556,2.0,32,20
0.989080982711556,3.0,32,20
0.9963603275705186,4.0,32,20
0.9954504094631483,5.0,32,20
0.991810737033667,6.0,32,20
0.991810737033667,7.0,32,20
0.9927206551410374,8.0,32,20
0.9909008189262967,9.0,32,20
0.856,0.0,58,20
0.854,1.0,58,20
0.876,2.0,58,20
0.876,3.0,58,20
0.854,4.0,58,20
0.866,5.0,58,20
0.864,6.0,58,20
0.88,7.0,58,20
0.848,8.0,58,20
0.86,9.0,58,20
0.975,0.0,20,20
0.97,1.0,20,20
0.975,2.0,20,20
0.97,3.0,20,20
0.945,4.0,20,20
0.98,5.0,20,20
0.985,6.0,20,20
0.96,7.0,20,20
0.975,8.0,20,20
0.97,9.0,20,20
0.73,0.0,18,20
0.735,1.0,18,20
0.725,2.0,18,20
0.76,3.0,18,20
0.725,4.0,18,20
0.8,5.0,18,20
0.77,6.0,18,20
0.74,7.0,18,20
0.755,8.0,18,20
0.745,9.0,18,20
0.9523809523809523,0.0,11,20
0.9206349206349206,1.0,11,20
0.9365079365079365,2.0,11,20
0.8888888888888888,3.0,11,20
0.9047619047619048,4.0,11,20
0.9354838709677419,5.0,11,20
0.8387096774193549,6.0,11,20
0.9193548387096774,7.0,11,20
0.9516129032258065,8.0,11,20
0.9193548387096774,9.0,11,20
0.855072463768116,0.0,29,20
0.8695652173913043,1.0,29,20
0.8260869565217391,2.0,29,20
0.7536231884057971,3.0,29,20
0.9130434782608695,4.0,29,20
0.8260869565217391,5.0,29,20
0.8405797101449275,6.0,29,20
0.8115942028985508,7.0,29,20
0.8985507246376812,8.0,29,20
0.8840579710144928,9.0,29,20
0.975,0.0,16,20
0.975,1.0,16,20
0.98,2.0,16,20
0.98,3.0,16,20
0.96,4.0,16,20
0.975,5.0,16,20
0.975,6.0,16,20
0.97,7.0,16,20
0.98,8.0,16,20
0.98,9.0,16,20
0.9592476489028213,0.0,45,20
0.9623824451410659,1.0,45,20
0.9529780564263323,2.0,45,20
0.9435736677115988,3.0,45,20
0.9561128526645768,4.0,45,20
0.9717868338557993,5.0,45,20
0.9686520376175548,6.0,45,20
0.9529780564263323,7.0,45,20
0.9435736677115988,8.0,45,20
0.9780564263322884,9.0,45,20
0.932,0.0,6,20
0.9265,1.0,6,20
0.9315,2.0,6,20
0.9315,3.0,6,20
0.9295,4.0,6,20
0.9325,5.0,6,20
0.927,6.0,6,20
0.9225,7.0,6,20
0.9225,8.0,6,20
0.935,9.0,6,20
0.9911032028469751,0.0,28,20
0.9928825622775801,1.0,28,20
0.9928825622775801,2.0,28,20
0.9875444839857651,3.0,28,20
0.9786476868327402,4.0,28,20
0.9733096085409253,5.0,28,20
0.9875444839857651,6.0,28,20
0.9875444839857651,7.0,28,20
0.9750889679715302,8.0,28,20
0.9857651245551602,9.0,28,20
1.0,0.0,21,20
0.9942196531791907,1.0,21,20
0.9942196531791907,2.0,21,20
1.0,3.0,21,20
0.9942196531791907,4.0,21,20
0.9942196531791907,5.0,21,20
0.9884393063583815,6.0,21,20
0.9942196531791907,7.0,21,20
0.9941860465116279,8.0,21,20
0.9883720930232558,9.0,21,20
0.9696969696969697,0.0,36,20
0.961038961038961,1.0,36,20
0.974025974025974,2.0,36,20
0.9696969696969697,3.0,36,20
0.9783549783549783,4.0,36,20
0.961038961038961,5.0,36,20
0.987012987012987,6.0,36,20
0.9437229437229437,7.0,36,20
0.9653679653679653,8.0,36,20
0.961038961038961,9.0,36,20
0.76,0.0,31,20
0.75,1.0,31,20
0.79,2.0,31,20
0.71,3.0,31,20
0.69,4.0,31,20
0.76,5.0,31,20
0.7,6.0,31,20
0.77,7.0,31,20
0.74,8.0,31,20
0.77,9.0,31,20
0.8117647058823529,0.0,53,20
0.7764705882352941,1.0,53,20
0.8,2.0,53,20
0.8117647058823529,3.0,53,20
0.8235294117647058,4.0,53,20
0.8470588235294118,5.0,53,20
0.7738095238095238,6.0,53,20
0.8095238095238095,7.0,53,20
0.75,8.0,53,20
0.7142857142857143,9.0,53,20
0.8441558441558441,0.0,37,20
0.7012987012987013,1.0,37,20
0.7922077922077922,2.0,37,20
0.7012987012987013,3.0,37,20
0.7792207792207793,4.0,37,20
0.8311688311688312,5.0,37,20
0.7662337662337663,6.0,37,20
0.8051948051948052,7.0,37,20
0.7894736842105263,8.0,37,20
0.7105263157894737,9.0,37,20
0.9130434782608695,0.0,41,20
0.9565217391304348,1.0,41,20
0.8695652173913043,2.0,41,20
0.9705882352941176,3.0,41,20
0.9411764705882353,4.0,41,20
0.9705882352941176,5.0,41,20
0.8970588235294118,6.0,41,20
0.9117647058823529,7.0,41,20
0.9411764705882353,8.0,41,20
0.9264705882352942,9.0,41,20
1.0,0.0,24,20
1.0,1.0,24,20
1.0,2.0,24,20
1.0,3.0,24,20
1.0,4.0,24,20
1.0,5.0,24,20
1.0,6.0,24,20
1.0,7.0,24,20
1.0,8.0,24,20
1.0,9.0,24,20
0.6013513513513513,0.0,23,20
0.5337837837837838,1.0,23,20
0.4797297297297297,2.0,23,20
0.47619047619047616,3.0,23,20
0.5374149659863946,4.0,23,20
0.564625850340136,5.0,23,20
0.5306122448979592,6.0,23,20
0.5374149659863946,7.0,23,20
0.5510204081632653,8.0,23,20
0.5918367346938775,9.0,23,20
0.9714285714285714,0.0,15,20
0.9714285714285714,1.0,15,20
0.9714285714285714,2.0,15,20
0.9571428571428572,3.0,15,20
0.9857142857142858,4.0,15,20
0.9714285714285714,5.0,15,20
0.9714285714285714,6.0,15,20
0.9285714285714286,7.0,15,20
0.9571428571428572,8.0,15,20
0.9565217391304348,9.0,15,20
0.975,0.0,3,20
0.953125,1.0,3,20
0.975,2.0,3,20
0.975,3.0,3,20
0.975,4.0,3,20
0.975,5.0,3,20
0.9467084639498433,6.0,3,20
0.9529780564263323,7.0,3,20
0.9843260188087775,8.0,3,20
0.9717868338557993,9.0,3,20
0.98,0.0,12,20
0.995,1.0,12,20
0.97,2.0,12,20
0.97,3.0,12,20
0.965,4.0,12,20
0.97,5.0,12,20
0.99,6.0,12,20
0.975,7.0,12,20
0.985,8.0,12,20
0.985,9.0,12,20
0.9895833333333334,0.0,49,20
1.0,1.0,49,20
1.0,2.0,49,20
1.0,3.0,49,20
1.0,4.0,49,20
1.0,5.0,49,20
1.0,6.0,49,20
1.0,7.0,49,20
1.0,8.0,49,20
1.0,9.0,49,20
0.805,0.0,14,20
0.84,1.0,14,20
0.835,2.0,14,20
0.905,3.0,14,20
0.805,4.0,14,20
0.835,5.0,14,20
0.83,6.0,14,20
0.87,7.0,14,20
0.865,8.0,14,20
0.82,9.0,14,20
0.79,0.0,22,20
0.845,1.0,22,20
0.85,2.0,22,20
0.84,3.0,22,20
0.835,4.0,22,20
0.825,5.0,22,20
0.84,6.0,22,20
0.84,7.0,22,20
0.82,8.0,22,20
0.8,9.0,22,20
0.9945454545454545,0.0,32,30
0.9863636363636363,1.0,32,30
0.9881710646041856,2.0,32,30
0.9909008189262967,3.0,32,30
0.9954504094631483,4.0,32,30
0.9963603275705186,5.0,32,30
0.9909008189262967,6.0,32,30
0.9927206551410374,7.0,32,30
0.991810737033667,8.0,32,30
0.9909008189262967,9.0,32,30
0.854,0.0,58,30
0.848,1.0,58,30
0.878,2.0,58,30
0.882,3.0,58,30
0.854,4.0,58,30
0.87,5.0,58,30
0.862,6.0,58,30
0.88,7.0,58,30
0.848,8.0,58,30
0.862,9.0,58,30
0.975,0.0,20,30
0.98,1.0,20,30
0.985,2.0,20,30
0.97,3.0,20,30
0.955,4.0,20,30
0.98,5.0,20,30
0.97,6.0,20,30
0.97,7.0,20,30
0.975,8.0,20,30
0.97,9.0,20,30
0.72,0.0,18,30
0.715,1.0,18,30
0.735,2.0,18,30
0.725,3.0,18,30
0.72,4.0,18,30
0.775,5.0,18,30
0.775,6.0,18,30
0.725,7.0,18,30
0.745,8.0,18,30
0.745,9.0,18,30
0.9523809523809523,0.0,11,30
0.9206349206349206,1.0,11,30
0.9365079365079365,2.0,11,30
0.8888888888888888,3.0,11,30
0.9047619047619048,4.0,11,30
0.9354838709677419,5.0,11,30
0.8387096774193549,6.0,11,30
0.9193548387096774,7.0,11,30
0.9516129032258065,8.0,11,30
0.9193548387096774,9.0,11,30
0.8695652173913043,0.0,29,30
0.8840579710144928,1.0,29,30
0.855072463768116,2.0,29,30
0.782608695652174,3.0,29,30
0.927536231884058,4.0,29,30
0.8405797101449275,5.0,29,30
0.8405797101449275,6.0,29,30
0.8260869565217391,7.0,29,30
0.8840579710144928,8.0,29,30
0.8840579710144928,9.0,29,30
0.955,0.0,16,30
0.97,1.0,16,30
0.975,2.0,16,30
0.965,3.0,16,30
0.935,4.0,16,30
0.97,5.0,16,30
0.965,6.0,16,30
0.965,7.0,16,30
0.97,8.0,16,30
0.965,9.0,16,30
0.9592476489028213,0.0,45,30
0.9561128526645768,1.0,45,30
0.9592476489028213,2.0,45,30
0.9498432601880877,3.0,45,30
0.9592476489028213,4.0,45,30
0.9749216300940439,5.0,45,30
0.9717868338557993,6.0,45,30
0.9592476489028213,7.0,45,30
0.9435736677115988,8.0,45,30
0.9780564263322884,9.0,45,30
0.9875444839857651,0.0,28,30
0.9928825622775801,1.0,28,30
0.9875444839857651,2.0,28,30
0.9786476868327402,3.0,28,30
0.9839857651245552,4.0,28,30
0.9661921708185054,5.0,28,30
0.9822064056939501,6.0,28,30
0.9822064056939501,7.0,28,30
0.9822064056939501,8.0,28,30
0.9875444839857651,9.0,28,30
0.9942196531791907,0.0,21,30
0.9884393063583815,1.0,21,30
0.9942196531791907,2.0,21,30
1.0,3.0,21,30
1.0,4.0,21,30
0.9884393063583815,5.0,21,30
0.9826589595375722,6.0,21,30
0.9942196531791907,7.0,21,30
0.9883720930232558,8.0,21,30
0.9825581395348837,9.0,21,30
0.9240780911062907,0.0,43,30
0.9391304347826087,1.0,43,30
0.9456521739130435,2.0,43,30
0.9434782608695652,3.0,43,30
0.908695652173913,4.0,43,30
0.9434782608695652,5.0,43,30
0.9152173913043479,6.0,43,30
0.9369565217391305,7.0,43,30
0.9391304347826087,8.0,43,30
0.9260869565217391,9.0,43,30
0.961038961038961,0.0,36,30
0.9437229437229437,1.0,36,30
0.9567099567099567,2.0,36,30
0.9567099567099567,3.0,36,30
0.9783549783549783,4.0,36,30
0.961038961038961,5.0,36,30
0.974025974025974,6.0,36,30
0.9177489177489178,7.0,36,30
0.9523809523809523,8.0,36,30
0.9567099567099567,9.0,36,30
0.75,0.0,31,30
0.73,1.0,31,30
0.72,2.0,31,30
0.71,3.0,31,30
0.69,4.0,31,30
0.76,5.0,31,30
0.7,6.0,31,30
0.8,7.0,31,30
0.71,8.0,31,30
0.77,9.0,31,30
0.8235294117647058,0.0,53,30
0.7529411764705882,1.0,53,30
0.788235294117647,2.0,53,30
0.788235294117647,3.0,53,30
0.8117647058823529,4.0,53,30
0.8705882352941177,5.0,53,30
0.7857142857142857,6.0,53,30
0.7857142857142857,7.0,53,30
0.7857142857142857,8.0,53,30
0.7261904761904762,9.0,53,30
0.8441558441558441,0.0,37,30
0.6623376623376623,1.0,37,30
0.7792207792207793,2.0,37,30
0.6883116883116883,3.0,37,30
0.7922077922077922,4.0,37,30
0.8181818181818182,5.0,37,30
0.7662337662337663,6.0,37,30
0.8051948051948052,7.0,37,30
0.75,8.0,37,30
0.7105263157894737,9.0,37,30
0.927536231884058,0.0,41,30
0.9420289855072463,1.0,41,30
0.8695652173913043,2.0,41,30
0.9705882352941176,3.0,41,30
0.9264705882352942,4.0,41,30
0.9705882352941176,5.0,41,30
0.8970588235294118,6.0,41,30
0.8970588235294118,7.0,41,30
0.8823529411764706,8.0,41,30
0.9264705882352942,9.0,41,30
1.0,0.0,24,30
1.0,1.0,24,30
1.0,2.0,24,30
1.0,3.0,24,30
1.0,4.0,24,30
1.0,5.0,24,30
1.0,6.0,24,30
1.0,7.0,24,30
1.0,8.0,24,30
1.0,9.0,24,30
0.5945945945945946,0.0,23,30
0.5405405405405406,1.0,23,30
0.4864864864864865,2.0,23,30
0.47619047619047616,3.0,23,30
0.5306122448979592,4.0,23,30
0.5510204081632653,5.0,23,30
0.5306122448979592,6.0,23,30
0.5374149659863946,7.0,23,30
0.564625850340136,8.0,23,30
0.6054421768707483,9.0,23,30
0.9714285714285714,0.0,15,30
0.9714285714285714,1.0,15,30
0.9714285714285714,2.0,15,30
0.9714285714285714,3.0,15,30
0.9857142857142858,4.0,15,30
0.9714285714285714,5.0,15,30
0.9714285714285714,6.0,15,30
0.9285714285714286,7.0,15,30
0.9571428571428572,8.0,15,30
0.9710144927536232,9.0,15,30
0.975,0.0,3,30
0.953125,1.0,3,30
0.953125,2.0,3,30
0.971875,3.0,3,30
0.975,4.0,3,30
0.978125,5.0,3,30
0.9404388714733543,6.0,3,30
0.9686520376175548,7.0,3,30
0.9811912225705329,8.0,3,30
0.9780564263322884,9.0,3,30
0.965,0.0,12,30
0.975,1.0,12,30
0.975,2.0,12,30
0.955,3.0,12,30
0.965,4.0,12,30
0.96,5.0,12,30
0.985,6.0,12,30
0.96,7.0,12,30
0.975,8.0,12,30
0.985,9.0,12,30
0.9583333333333334,0.0,49,30
1.0,1.0,49,30
1.0,2.0,49,30
0.9895833333333334,3.0,49,30
1.0,4.0,49,30
0.9791666666666666,5.0,49,30
0.9895833333333334,6.0,49,30
0.9791666666666666,7.0,49,30
0.9789473684210527,8.0,49,30
0.9894736842105263,9.0,49,30
0.82,0.0,14,30
0.81,1.0,14,30
0.835,2.0,14,30
0.86,3.0,14,30
0.8,4.0,14,30
0.845,5.0,14,30
0.835,6.0,14,30
0.87,7.0,14,30
0.84,8.0,14,30
0.8,9.0,14,30
0.77,0.0,22,30
0.865,1.0,22,30
0.84,2.0,22,30
0.82,3.0,22,30
0.835,4.0,22,30
0.82,5.0,22,30
0.835,6.0,22,30
0.805,7.0,22,30
0.83,8.0,22,30
0.81,9.0,22,30
0.99,0.0,32,40
0.9781818181818182,1.0,32,40
0.9854413102820746,2.0,32,40
0.9827115559599636,3.0,32,40
0.9836214740673339,4.0,32,40
0.9872611464968153,5.0,32,40
0.9872611464968153,6.0,32,40
0.9909008189262967,7.0,32,40
0.9881710646041856,8.0,32,40
0.9818016378525932,9.0,32,40
0.856,0.0,58,40
0.856,1.0,58,40
0.88,2.0,58,40
0.876,3.0,58,40
0.85,4.0,58,40
0.872,5.0,58,40
0.854,6.0,58,40
0.882,7.0,58,40
0.848,8.0,58,40
0.864,9.0,58,40
0.975,0.0,20,40
0.975,1.0,20,40
0.985,2.0,20,40
0.97,3.0,20,40
0.96,4.0,20,40
0.98,5.0,20,40
0.975,6.0,20,40
0.97,7.0,20,40
0.975,8.0,20,40
0.97,9.0,20,40
0.9523809523809523,0.0,11,40
0.9206349206349206,1.0,11,40
0.9365079365079365,2.0,11,40
0.8888888888888888,3.0,11,40
0.9047619047619048,4.0,11,40
0.9354838709677419,5.0,11,40
0.8387096774193549,6.0,11,40
0.9193548387096774,7.0,11,40
0.9516129032258065,8.0,11,40
0.9193548387096774,9.0,11,40
0.8695652173913043,0.0,29,40
0.8840579710144928,1.0,29,40
0.8985507246376812,2.0,29,40
0.782608695652174,3.0,29,40
0.9130434782608695,4.0,29,40
0.8405797101449275,5.0,29,40
0.855072463768116,6.0,29,40
0.8260869565217391,7.0,29,40
0.8985507246376812,8.0,29,40
0.8840579710144928,9.0,29,40
0.96,0.0,16,40
0.975,1.0,16,40
0.975,2.0,16,40
0.98,3.0,16,40
0.935,4.0,16,40
0.975,5.0,16,40
0.96,6.0,16,40
0.955,7.0,16,40
0.965,8.0,16,40
0.96,9.0,16,40
0.9592476489028213,0.0,45,40
0.9623824451410659,1.0,45,40
0.9592476489028213,2.0,45,40
0.9592476489028213,3.0,45,40
0.9561128526645768,4.0,45,40
0.9749216300940439,5.0,45,40
0.9686520376175548,6.0,45,40
0.9561128526645768,7.0,45,40
0.9435736677115988,8.0,45,40
0.9749216300940439,9.0,45,40
0.867,0.0,6,40
0.8535,1.0,6,40
0.855,2.0,6,40
0.856,3.0,6,40
0.8585,4.0,6,40
0.855,5.0,6,40
0.851,6.0,6,40
0.8495,7.0,6,40
0.855,8.0,6,40
0.8625,9.0,6,40
0.9875444839857651,0.0,28,40
0.9911032028469751,1.0,28,40
0.9893238434163701,2.0,28,40
0.9839857651245552,3.0,28,40
0.9893238434163701,4.0,28,40
0.9768683274021353,5.0,28,40
0.9822064056939501,6.0,28,40
0.9893238434163701,7.0,28,40
0.9786476868327402,8.0,28,40
0.9839857651245552,9.0,28,40
0.9942196531791907,0.0,21,40
0.9884393063583815,1.0,21,40
0.9942196531791907,2.0,21,40
1.0,3.0,21,40
1.0,4.0,21,40
0.9884393063583815,5.0,21,40
0.9826589595375722,6.0,21,40
0.9942196531791907,7.0,21,40
0.9883720930232558,8.0,21,40
0.9825581395348837,9.0,21,40
0.9437229437229437,0.0,36,40
0.935064935064935,1.0,36,40
0.9393939393939394,2.0,36,40
0.948051948051948,3.0,36,40
0.974025974025974,4.0,36,40
0.935064935064935,5.0,36,40
0.948051948051948,6.0,36,40
0.9090909090909091,7.0,36,40
0.9090909090909091,8.0,36,40
0.948051948051948,9.0,36,40
0.8,0.0,31,40
0.75,1.0,31,40
0.72,2.0,31,40
0.79,3.0,31,40
0.69,4.0,31,40
0.76,5.0,31,40
0.7,6.0,31,40
0.82,7.0,31,40
0.7,8.0,31,40
0.78,9.0,31,40
0.8117647058823529,0.0,53,40
0.7764705882352941,1.0,53,40
0.788235294117647,2.0,53,40
0.8,3.0,53,40
0.8235294117647058,4.0,53,40
0.8705882352941177,5.0,53,40
0.8214285714285714,6.0,53,40
0.8095238095238095,7.0,53,40
0.7976190476190477,8.0,53,40
0.7023809523809523,9.0,53,40
0.8311688311688312,0.0,37,40
0.7142857142857143,1.0,37,40
0.7662337662337663,2.0,37,40
0.7272727272727273,3.0,37,40
0.7662337662337663,4.0,37,40
0.8311688311688312,5.0,37,40
0.7662337662337663,6.0,37,40
0.8181818181818182,7.0,37,40
0.7631578947368421,8.0,37,40
0.7105263157894737,9.0,37,40
0.9130434782608695,0.0,41,40
0.9420289855072463,1.0,41,40
0.8695652173913043,2.0,41,40
0.9705882352941176,3.0,41,40
0.9411764705882353,4.0,41,40
0.9705882352941176,5.0,41,40
0.8970588235294118,6.0,41,40
0.8970588235294118,7.0,41,40
0.9411764705882353,8.0,41,40
0.9411764705882353,9.0,41,40
1.0,0.0,24,40
1.0,1.0,24,40
1.0,2.0,24,40
1.0,3.0,24,40
1.0,4.0,24,40
1.0,5.0,24,40
1.0,6.0,24,40
1.0,7.0,24,40
1.0,8.0,24,40
1.0,9.0,24,40
0.5337837837837838,0.0,23,40
0.5,1.0,23,40
0.4391891891891892,2.0,23,40
0.4965986394557823,3.0,23,40
0.5238095238095238,4.0,23,40
0.5102040816326531,5.0,23,40
0.4897959183673469,6.0,23,40
0.46938775510204084,7.0,23,40
0.564625850340136,8.0,23,40
0.6054421768707483,9.0,23,40
0.9714285714285714,0.0,15,40
0.9714285714285714,1.0,15,40
0.9714285714285714,2.0,15,40
0.9714285714285714,3.0,15,40
0.9857142857142858,4.0,15,40
0.9714285714285714,5.0,15,40
0.9714285714285714,6.0,15,40
0.9285714285714286,7.0,15,40
0.9571428571428572,8.0,15,40
0.9565217391304348,9.0,15,40
0.978125,0.0,3,40
0.96875,1.0,3,40
0.96875,2.0,3,40
0.9875,3.0,3,40
0.984375,4.0,3,40
0.98125,5.0,3,40
0.9592476489028213,6.0,3,40
0.9686520376175548,7.0,3,40
0.987460815047022,8.0,3,40
0.987460815047022,9.0,3,40
0.975,0.0,12,40
0.99,1.0,12,40
0.975,2.0,12,40
0.97,3.0,12,40
0.965,4.0,12,40
0.97,5.0,12,40
0.985,6.0,12,40
0.975,7.0,12,40
0.985,8.0,12,40
0.99,9.0,12,40
0.9583333333333334,0.0,49,40
1.0,1.0,49,40
1.0,2.0,49,40
0.9895833333333334,3.0,49,40
1.0,4.0,49,40
0.9791666666666666,5.0,49,40
0.9791666666666666,6.0,49,40
0.9791666666666666,7.0,49,40
0.9789473684210527,8.0,49,40
0.9894736842105263,9.0,49,40
0.835,0.0,14,40
0.81,1.0,14,40
0.835,2.0,14,40
0.9,3.0,14,40
0.805,4.0,14,40
0.835,5.0,14,40
0.835,6.0,14,40
0.88,7.0,14,40
0.845,8.0,14,40
0.8,9.0,14,40
0.795,0.0,22,40
0.84,1.0,22,40
0.845,2.0,22,40
0.845,3.0,22,40
0.835,4.0,22,40
0.82,5.0,22,40
0.845,6.0,22,40
0.83,7.0,22,40
0.835,8.0,22,40
0.8,9.0,22,40
0.9954545454545455,0.0,32,50
0.9845454545454545,1.0,32,50
0.989080982711556,2.0,32,50
0.989080982711556,3.0,32,50
0.9954504094631483,4.0,32,50
0.9963603275705186,5.0,32,50
0.9927206551410374,6.0,32,50
0.991810737033667,7.0,32,50
0.9927206551410374,8.0,32,50
0.9872611464968153,9.0,32,50
0.856,0.0,58,50
0.856,1.0,58,50
0.878,2.0,58,50
0.886,3.0,58,50
0.852,4.0,58,50
0.874,5.0,58,50
0.866,6.0,58,50
0.884,7.0,58,50
0.848,8.0,58,50
0.858,9.0,58,50
0.975,0.0,20,50
0.975,1.0,20,50
0.98,2.0,20,50
0.97,3.0,20,50
0.95,4.0,20,50
0.98,5.0,20,50
0.975,6.0,20,50
0.96,7.0,20,50
0.975,8.0,20,50
0.965,9.0,20,50
0.9523809523809523,0.0,11,50
0.9206349206349206,1.0,11,50
0.9365079365079365,2.0,11,50
0.8888888888888888,3.0,11,50
0.9047619047619048,4.0,11,50
0.9354838709677419,5.0,11,50
0.8387096774193549,6.0,11,50
0.9193548387096774,7.0,11,50
0.9516129032258065,8.0,11,50
0.9193548387096774,9.0,11,50
0.855072463768116,0.0,29,50
0.8695652173913043,1.0,29,50
0.8260869565217391,2.0,29,50
0.7536231884057971,3.0,29,50
0.8985507246376812,4.0,29,50
0.8115942028985508,5.0,29,50
0.8405797101449275,6.0,29,50
0.855072463768116,7.0,29,50
0.8840579710144928,8.0,29,50
0.855072463768116,9.0,29,50
0.965,0.0,16,50
0.975,1.0,16,50
0.98,2.0,16,50
0.98,3.0,16,50
0.94,4.0,16,50
0.98,5.0,16,50
0.97,6.0,16,50
0.97,7.0,16,50
0.975,8.0,16,50
0.98,9.0,16,50
0.9592476489028213,0.0,45,50
0.9592476489028213,1.0,45,50
0.9592476489028213,2.0,45,50
0.9435736677115988,3.0,45,50
0.9561128526645768,4.0,45,50
0.9686520376175548,5.0,45,50
0.9717868338557993,6.0,45,50
0.9529780564263323,7.0,45,50
0.9435736677115988,8.0,45,50
0.9780564263322884,9.0,45,50
0.9065,0.0,6,50
0.907,1.0,6,50
0.91,2.0,6,50
0.9145,3.0,6,50
0.9085,4.0,6,50
0.906,5.0,6,50
0.9035,6.0,6,50
0.908,7.0,6,50
0.905,8.0,6,50
0.9095,9.0,6,50
0.9857651245551602,0.0,28,50
0.9875444839857651,1.0,28,50
0.9893238434163701,2.0,28,50
0.9875444839857651,3.0,28,50
0.9875444839857651,4.0,28,50
0.9733096085409253,5.0,28,50
0.9804270462633452,6.0,28,50
0.9857651245551602,7.0,28,50
0.9733096085409253,8.0,28,50
0.9839857651245552,9.0,28,50
1.0,0.0,21,50
0.9942196531791907,1.0,21,50
0.9942196531791907,2.0,21,50
0.9942196531791907,3.0,21,50
1.0,4.0,21,50
1.0,5.0,21,50
0.9826589595375722,6.0,21,50
0.9884393063583815,7.0,21,50
0.9825581395348837,8.0,21,50
1.0,9.0,21,50
0.974025974025974,0.0,36,50
0.9567099567099567,1.0,36,50
0.9567099567099567,2.0,36,50
0.9696969696969697,3.0,36,50
0.9783549783549783,4.0,36,50
0.961038961038961,5.0,36,50
0.987012987012987,6.0,36,50
0.9393939393939394,7.0,36,50
0.961038961038961,8.0,36,50
0.9567099567099567,9.0,36,50
0.75,0.0,31,50
0.76,1.0,31,50
0.77,2.0,31,50
0.77,3.0,31,50
0.69,4.0,31,50
0.77,5.0,31,50
0.69,6.0,31,50
0.81,7.0,31,50
0.75,8.0,31,50
0.79,9.0,31,50
0.8352941176470589,0.0,53,50
0.8,1.0,53,50
0.8,2.0,53,50
0.788235294117647,3.0,53,50
0.8235294117647058,4.0,53,50
0.8705882352941177,5.0,53,50
0.7619047619047619,6.0,53,50
0.7976190476190477,7.0,53,50
0.7857142857142857,8.0,53,50
0.6904761904761905,9.0,53,50
0.8311688311688312,0.0,37,50
0.7142857142857143,1.0,37,50
0.7922077922077922,2.0,37,50
0.6883116883116883,3.0,37,50
0.7792207792207793,4.0,37,50
0.8311688311688312,5.0,37,50
0.7662337662337663,6.0,37,50
0.8181818181818182,7.0,37,50
0.7894736842105263,8.0,37,50
0.7105263157894737,9.0,37,50
0.9130434782608695,0.0,41,50
0.9420289855072463,1.0,41,50
0.8695652173913043,2.0,41,50
0.9705882352941176,3.0,41,50
0.9264705882352942,4.0,41,50
0.9705882352941176,5.0,41,50
0.9264705882352942,6.0,41,50
0.8970588235294118,7.0,41,50
0.9264705882352942,8.0,41,50
0.9558823529411765,9.0,41,50
1.0,0.0,24,50
1.0,1.0,24,50
1.0,2.0,24,50
1.0,3.0,24,50
1.0,4.0,24,50
1.0,5.0,24,50
1.0,6.0,24,50
1.0,7.0,24,50
1.0,8.0,24,50
1.0,9.0,24,50
0.5945945945945946,0.0,23,50
0.5067567567567568,1.0,23,50
0.4594594594594595,2.0,23,50
0.47619047619047616,3.0,23,50
0.5170068027210885,4.0,23,50
0.5578231292517006,5.0,23,50
0.5578231292517006,6.0,23,50
0.564625850340136,7.0,23,50
0.5578231292517006,8.0,23,50
0.5782312925170068,9.0,23,50
0.9714285714285714,0.0,15,50
0.9714285714285714,1.0,15,50
0.9714285714285714,2.0,15,50
0.9571428571428572,3.0,15,50
0.9857142857142858,4.0,15,50
0.9714285714285714,5.0,15,50
0.9714285714285714,6.0,15,50
0.9428571428571428,7.0,15,50
0.9428571428571428,8.0,15,50
0.9710144927536232,9.0,15,50
0.975,0.0,3,50
0.953125,1.0,3,50
0.9625,2.0,3,50
0.9375,3.0,3,50
0.975,4.0,3,50
0.975,5.0,3,50
0.9467084639498433,6.0,3,50
0.9780564263322884,7.0,3,50
0.9811912225705329,8.0,3,50
0.9717868338557993,9.0,3,50
0.98,0.0,12,50
0.995,1.0,12,50
0.975,2.0,12,50
0.97,3.0,12,50
0.97,4.0,12,50
0.97,5.0,12,50
0.99,6.0,12,50
0.975,7.0,12,50
0.985,8.0,12,50
0.99,9.0,12,50
0.9583333333333334,0.0,49,50
1.0,1.0,49,50
1.0,2.0,49,50
1.0,3.0,49,50
1.0,4.0,49,50
0.9791666666666666,5.0,49,50
0.9791666666666666,6.0,49,50
0.9791666666666666,7.0,49,50
0.9789473684210527,8.0,49,50
1.0,9.0,49,50
0.83,0.0,14,50
0.835,1.0,14,50
0.83,2.0,14,50
0.865,3.0,14,50
0.805,4.0,14,50
0.83,5.0,14,50
0.82,6.0,14,50
0.86,7.0,14,50
0.87,8.0,14,50
0.81,9.0,14,50
0.79,0.0,22,50
0.855,1.0,22,50
0.85,2.0,22,50
0.83,3.0,22,50
0.835,4.0,22,50
0.83,5.0,22,50
0.85,6.0,22,50
0.82,7.0,22,50
0.835,8.0,22,50
0.815,9.0,22,50
0.854,0.0,58,60
0.856,1.0,58,60
0.884,2.0,58,60
0.876,3.0,58,60
0.86,4.0,58,60
0.872,5.0,58,60
0.868,6.0,58,60
0.884,7.0,58,60
0.852,8.0,58,60
0.862,9.0,58,60
0.975,0.0,20,60
0.975,1.0,20,60
0.985,2.0,20,60
0.97,3.0,20,60
0.96,4.0,20,60
0.985,5.0,20,60
0.98,6.0,20,60
0.965,7.0,20,60
0.975,8.0,20,60
0.97,9.0,20,60
1.0,0.0,11,60
0.9841269841269841,1.0,11,60
1.0,2.0,11,60
1.0,3.0,11,60
1.0,4.0,11,60
1.0,5.0,11,60
1.0,6.0,11,60
1.0,7.0,11,60
1.0,8.0,11,60
1.0,9.0,11,60
0.8695652173913043,0.0,29,60
0.8695652173913043,1.0,29,60
0.8840579710144928,2.0,29,60
0.7536231884057971,3.0,29,60
0.927536231884058,4.0,29,60
0.8405797101449275,5.0,29,60
0.8405797101449275,6.0,29,60
0.8260869565217391,7.0,29,60
0.9130434782608695,8.0,29,60
0.8840579710144928,9.0,29,60
0.965,0.0,16,60
0.98,1.0,16,60
0.975,2.0,16,60
0.98,3.0,16,60
0.935,4.0,16,60
0.985,5.0,16,60
0.97,6.0,16,60
0.97,7.0,16,60
0.975,8.0,16,60
0.98,9.0,16,60
0.9561128526645768,0.0,45,60
0.9655172413793104,1.0,45,60
0.9561128526645768,2.0,45,60
0.9467084639498433,3.0,45,60
0.9592476489028213,4.0,45,60
0.9717868338557993,5.0,45,60
0.9655172413793104,6.0,45,60
0.9561128526645768,7.0,45,60
0.9435736677115988,8.0,45,60
0.9749216300940439,9.0,45,60
0.8715,0.0,6,60
0.859,1.0,6,60
0.8635,2.0,6,60
0.8625,3.0,6,60
0.858,4.0,6,60
0.86,5.0,6,60
0.8545,6.0,6,60
0.859,7.0,6,60
0.853,8.0,6,60
0.8635,9.0,6,60
0.9875444839857651,0.0,28,60
0.9893238434163701,1.0,28,60
0.9911032028469751,2.0,28,60
0.9822064056939501,3.0,28,60
0.9839857651245552,4.0,28,60
0.9715302491103203,5.0,28,60
0.9804270462633452,6.0,28,60
0.9893238434163701,7.0,28,60
0.9750889679715302,8.0,28,60
0.9822064056939501,9.0,28,60
0.9826589595375722,0.0,21,60
1.0,1.0,21,60
1.0,2.0,21,60
0.9942196531791907,3.0,21,60
0.9942196531791907,4.0,21,60
0.976878612716763,5.0,21,60
0.9884393063583815,6.0,21,60
1.0,7.0,21,60
0.9883720930232558,8.0,21,60
1.0,9.0,21,60
0.948051948051948,0.0,36,60
0.948051948051948,1.0,36,60
0.948051948051948,2.0,36,60
0.9523809523809523,3.0,36,60
0.974025974025974,4.0,36,60
0.961038961038961,5.0,36,60
0.9567099567099567,6.0,36,60
0.9393939393939394,7.0,36,60
0.9307359307359307,8.0,36,60
0.9567099567099567,9.0,36,60
0.76,0.0,31,60
0.75,1.0,31,60
0.75,2.0,31,60
0.79,3.0,31,60
0.73,4.0,31,60
0.76,5.0,31,60
0.7,6.0,31,60
0.8,7.0,31,60
0.74,8.0,31,60
0.79,9.0,31,60
0.8235294117647058,0.0,53,60
0.788235294117647,1.0,53,60
0.788235294117647,2.0,53,60
0.8,3.0,53,60
0.8,4.0,53,60
0.8588235294117647,5.0,53,60
0.7619047619047619,6.0,53,60
0.8214285714285714,7.0,53,60
0.7619047619047619,8.0,53,60
0.7261904761904762,9.0,53,60
0.8311688311688312,0.0,37,60
0.6883116883116883,1.0,37,60
0.7792207792207793,2.0,37,60
0.7272727272727273,3.0,37,60
0.7922077922077922,4.0,37,60
0.8181818181818182,5.0,37,60
0.7662337662337663,6.0,37,60
0.8051948051948052,7.0,37,60
0.7631578947368421,8.0,37,60
0.6973684210526315,9.0,37,60
0.9130434782608695,0.0,41,60
0.9420289855072463,1.0,41,60
0.8695652173913043,2.0,41,60
0.9705882352941176,3.0,41,60
0.9411764705882353,4.0,41,60
0.9705882352941176,5.0,41,60
0.8970588235294118,6.0,41,60
0.9117647058823529,7.0,41,60
0.9411764705882353,8.0,41,60
0.9264705882352942,9.0,41,60
1.0,0.0,24,60
1.0,1.0,24,60
1.0,2.0,24,60
1.0,3.0,24,60
1.0,4.0,24,60
1.0,5.0,24,60
1.0,6.0,24,60
1.0,7.0,24,60
1.0,8.0,24,60
1.0,9.0,24,60
0.5337837837837838,0.0,23,60
0.5,1.0,23,60
0.44594594594594594,2.0,23,60
0.5102040816326531,3.0,23,60
0.5238095238095238,4.0,23,60
0.5034013605442177,5.0,23,60
0.4217687074829932,6.0,23,60
0.46938775510204084,7.0,23,60
0.5578231292517006,8.0,23,60
0.5986394557823129,9.0,23,60
0.9857142857142858,0.0,15,60
0.9714285714285714,1.0,15,60
0.9714285714285714,2.0,15,60
0.9714285714285714,3.0,15,60
1.0,4.0,15,60
0.9714285714285714,5.0,15,60
0.9714285714285714,6.0,15,60
0.9285714285714286,7.0,15,60
0.9571428571428572,8.0,15,60
0.9710144927536232,9.0,15,60
0.975,0.0,3,60
0.953125,1.0,3,60
0.975,2.0,3,60
0.978125,3.0,3,60
0.98125,4.0,3,60
0.975,5.0,3,60
0.9467084639498433,6.0,3,60
0.9780564263322884,7.0,3,60
0.9843260188087775,8.0,3,60
0.9717868338557993,9.0,3,60
0.98,0.0,12,60
0.99,1.0,12,60
0.975,2.0,12,60
0.965,3.0,12,60
0.965,4.0,12,60
0.97,5.0,12,60
0.99,6.0,12,60
0.975,7.0,12,60
0.985,8.0,12,60
0.99,9.0,12,60
0.9895833333333334,0.0,49,60
1.0,1.0,49,60
1.0,2.0,49,60
0.9791666666666666,3.0,49,60
1.0,4.0,49,60
1.0,5.0,49,60
0.9895833333333334,6.0,49,60
1.0,7.0,49,60
1.0,8.0,49,60
1.0,9.0,49,60
0.83,0.0,14,60
0.835,1.0,14,60
0.845,2.0,14,60
0.89,3.0,14,60
0.8,4.0,14,60
0.835,5.0,14,60
0.83,6.0,14,60
0.87,7.0,14,60
0.865,8.0,14,60
0.81,9.0,14,60
0.795,0.0,22,60
0.84,1.0,22,60
0.85,2.0,22,60
0.845,3.0,22,60
0.83,4.0,22,60
0.81,5.0,22,60
0.84,6.0,22,60
0.83,7.0,22,60
0.83,8.0,22,60
0.8,9.0,22,60
0.9945454545454545,0.0,32,70
0.9881818181818182,1.0,32,70
0.989080982711556,2.0,32,70
0.9899909008189263,3.0,32,70
0.9963603275705186,4.0,32,70
0.9963603275705186,5.0,32,70
0.9945404913557779,6.0,32,70
0.991810737033667,7.0,32,70
0.9927206551410374,8.0,32,70
0.9872611464968153,9.0,32,70
0.856,0.0,58,70
0.85,1.0,58,70
0.884,2.0,58,70
0.876,3.0,58,70
0.858,4.0,58,70
0.87,5.0,58,70
0.854,6.0,58,70
0.884,7.0,58,70
0.844,8.0,58,70
0.864,9.0,58,70
0.975,0.0,20,70
0.98,1.0,20,70
0.985,2.0,20,70
0.97,3.0,20,70
0.95,4.0,20,70
0.98,5.0,20,70
0.98,6.0,20,70
0.96,7.0,20,70
0.975,8.0,20,70
0.97,9.0,20,70
0.9523809523809523,0.0,11,70
0.9206349206349206,1.0,11,70
0.9365079365079365,2.0,11,70
0.8888888888888888,3.0,11,70
0.9047619047619048,4.0,11,70
0.9354838709677419,5.0,11,70
0.8387096774193549,6.0,11,70
0.9193548387096774,7.0,11,70
0.9516129032258065,8.0,11,70
0.9193548387096774,9.0,11,70
0.8405797101449275,0.0,29,70
0.8695652173913043,1.0,29,70
0.8260869565217391,2.0,29,70
0.7536231884057971,3.0,29,70
0.927536231884058,4.0,29,70
0.8405797101449275,5.0,29,70
0.8405797101449275,6.0,29,70
0.8260869565217391,7.0,29,70
0.8840579710144928,8.0,29,70
0.8840579710144928,9.0,29,70
0.965,0.0,16,70
0.975,1.0,16,70
0.975,2.0,16,70
0.98,3.0,16,70
0.93,4.0,16,70
0.98,5.0,16,70
0.965,6.0,16,70
0.965,7.0,16,70
0.975,8.0,16,70
0.98,9.0,16,70
0.9623824451410659,0.0,45,70
0.9623824451410659,1.0,45,70
0.9592476489028213,2.0,45,70
0.9498432601880877,3.0,45,70
0.9561128526645768,4.0,45,70
0.9717868338557993,5.0,45,70
0.9655172413793104,6.0,45,70
0.9623824451410659,7.0,45,70
0.9435736677115988,8.0,45,70
0.9780564263322884,9.0,45,70
0.9185,0.0,6,70
0.9165,1.0,6,70
0.924,2.0,6,70
0.921,3.0,6,70
0.9185,4.0,6,70
0.918,5.0,6,70
0.913,6.0,6,70
0.915,7.0,6,70
0.912,8.0,6,70
0.9185,9.0,6,70
0.9893238434163701,0.0,28,70
0.9911032028469751,1.0,28,70
0.9911032028469751,2.0,28,70
0.9822064056939501,3.0,28,70
0.9786476868327402,4.0,28,70
0.9786476868327402,5.0,28,70
0.9786476868327402,6.0,28,70
0.9822064056939501,7.0,28,70
0.9768683274021353,8.0,28,70
0.9875444839857651,9.0,28,70
1.0,0.0,21,70
0.9942196531791907,1.0,21,70
0.9942196531791907,2.0,21,70
0.9942196531791907,3.0,21,70
1.0,4.0,21,70
0.9942196531791907,5.0,21,70
0.9826589595375722,6.0,21,70
0.9884393063583815,7.0,21,70
0.9883720930232558,8.0,21,70
1.0,9.0,21,70
0.9696969696969697,0.0,36,70
0.9567099567099567,1.0,36,70
0.9523809523809523,2.0,36,70
0.9653679653679653,3.0,36,70
0.9783549783549783,4.0,36,70
0.961038961038961,5.0,36,70
0.987012987012987,6.0,36,70
0.9393939393939394,7.0,36,70
0.961038961038961,8.0,36,70
0.9567099567099567,9.0,36,70
0.81,0.0,31,70
0.76,1.0,31,70
0.72,2.0,31,70
0.79,3.0,31,70
0.68,4.0,31,70
0.76,5.0,31,70
0.7,6.0,31,70
0.81,7.0,31,70
0.76,8.0,31,70
0.76,9.0,31,70
0.8352941176470589,0.0,53,70
0.7764705882352941,1.0,53,70
0.8,2.0,53,70
0.8,3.0,53,70
0.8,4.0,53,70
0.8470588235294118,5.0,53,70
0.7857142857142857,6.0,53,70
0.7976190476190477,7.0,53,70
0.7619047619047619,8.0,53,70
0.7142857142857143,9.0,53,70
0.8311688311688312,0.0,37,70
0.7012987012987013,1.0,37,70
0.7662337662337663,2.0,37,70
0.6883116883116883,3.0,37,70
0.8051948051948052,4.0,37,70
0.8311688311688312,5.0,37,70
0.7662337662337663,6.0,37,70
0.8181818181818182,7.0,37,70
0.7894736842105263,8.0,37,70
0.7105263157894737,9.0,37,70
0.927536231884058,0.0,41,70
0.9420289855072463,1.0,41,70
0.855072463768116,2.0,41,70
0.9705882352941176,3.0,41,70
0.9411764705882353,4.0,41,70
0.9705882352941176,5.0,41,70
0.9117647058823529,6.0,41,70
0.8970588235294118,7.0,41,70
0.8970588235294118,8.0,41,70
0.9264705882352942,9.0,41,70
1.0,0.0,24,70
1.0,1.0,24,70
1.0,2.0,24,70
1.0,3.0,24,70
1.0,4.0,24,70
1.0,5.0,24,70
1.0,6.0,24,70
1.0,7.0,24,70
1.0,8.0,24,70
1.0,9.0,24,70
0.5878378378378378,0.0,23,70
0.5202702702702703,1.0,23,70
0.4864864864864865,2.0,23,70
0.4557823129251701,3.0,23,70
0.54421768707483,4.0,23,70
0.5782312925170068,5.0,23,70
0.5102040816326531,6.0,23,70
0.564625850340136,7.0,23,70
0.564625850340136,8.0,23,70
0.5918367346938775,9.0,23,70
0.9714285714285714,0.0,15,70
0.9714285714285714,1.0,15,70
0.9714285714285714,2.0,15,70
0.9714285714285714,3.0,15,70
0.9857142857142858,4.0,15,70
0.9714285714285714,5.0,15,70
0.9714285714285714,6.0,15,70
0.9285714285714286,7.0,15,70
0.9571428571428572,8.0,15,70
0.9565217391304348,9.0,15,70
0.975,0.0,3,70
0.959375,1.0,3,70
0.971875,2.0,3,70
0.984375,3.0,3,70
0.98125,4.0,3,70
0.98125,5.0,3,70
0.9561128526645768,6.0,3,70
0.9686520376175548,7.0,3,70
0.9843260188087775,8.0,3,70
0.9780564263322884,9.0,3,70
0.98,0.0,12,70
0.995,1.0,12,70
0.97,2.0,12,70
0.97,3.0,12,70
0.97,4.0,12,70
0.97,5.0,12,70
0.995,6.0,12,70
0.975,7.0,12,70
0.985,8.0,12,70
0.99,9.0,12,70
0.9583333333333334,0.0,49,70
1.0,1.0,49,70
1.0,2.0,49,70
0.9791666666666666,3.0,49,70
0.9895833333333334,4.0,49,70
0.9791666666666666,5.0,49,70
0.9791666666666666,6.0,49,70
0.9791666666666666,7.0,49,70
0.9789473684210527,8.0,49,70
0.9894736842105263,9.0,49,70
0.825,0.0,14,70
0.845,1.0,14,70
0.84,2.0,14,70
0.895,3.0,14,70
0.805,4.0,14,70
0.83,5.0,14,70
0.83,6.0,14,70
0.865,7.0,14,70
0.855,8.0,14,70
0.815,9.0,14,70
0.805,0.0,22,70
0.845,1.0,22,70
0.86,2.0,22,70
0.84,3.0,22,70
0.835,4.0,22,70
0.825,5.0,22,70
0.845,6.0,22,70
0.83,7.0,22,70
0.83,8.0,22,70
0.8,9.0,22,70
0.9854545454545455,0.0,32,80
0.9727272727272728,1.0,32,80
0.9808917197452229,2.0,32,80
0.9790718835304822,3.0,32,80
0.9818016378525932,4.0,32,80
0.986351228389445,5.0,32,80
0.9854413102820746,6.0,32,80
0.9872611464968153,7.0,32,80
0.9799818016378526,8.0,32,80
0.978161965423112,9.0,32,80
0.858,0.0,58,80
0.856,1.0,58,80
0.872,2.0,58,80
0.884,3.0,58,80
0.854,4.0,58,80
0.874,5.0,58,80
0.872,6.0,58,80
0.884,7.0,58,80
0.852,8.0,58,80
0.862,9.0,58,80
0.975,0.0,20,80
0.975,1.0,20,80
0.985,2.0,20,80
0.97,3.0,20,80
0.955,4.0,20,80
0.985,5.0,20,80
0.975,6.0,20,80
0.97,7.0,20,80
0.975,8.0,20,80
0.97,9.0,20,80
0.7,0.0,18,80
0.72,1.0,18,80
0.73,2.0,18,80
0.745,3.0,18,80
0.735,4.0,18,80
0.79,5.0,18,80
0.76,6.0,18,80
0.745,7.0,18,80
0.735,8.0,18,80
0.755,9.0,18,80
0.9523809523809523,0.0,11,80
0.9206349206349206,1.0,11,80
0.9365079365079365,2.0,11,80
0.8888888888888888,3.0,11,80
0.9047619047619048,4.0,11,80
0.9354838709677419,5.0,11,80
0.8387096774193549,6.0,11,80
0.9193548387096774,7.0,11,80
0.9516129032258065,8.0,11,80
0.9193548387096774,9.0,11,80
0.8695652173913043,0.0,29,80
0.855072463768116,1.0,29,80
0.8985507246376812,2.0,29,80
0.782608695652174,3.0,29,80
0.9130434782608695,4.0,29,80
0.8405797101449275,5.0,29,80
0.8405797101449275,6.0,29,80
0.8115942028985508,7.0,29,80
0.8985507246376812,8.0,29,80
0.8840579710144928,9.0,29,80
0.97,0.0,16,80
0.98,1.0,16,80
0.985,2.0,16,80
0.98,3.0,16,80
0.965,4.0,16,80
0.97,5.0,16,80
0.97,6.0,16,80
0.975,7.0,16,80
0.98,8.0,16,80
0.98,9.0,16,80
0.9498432601880877,0.0,45,80
0.9655172413793104,1.0,45,80
0.9592476489028213,2.0,45,80
0.9498432601880877,3.0,45,80
0.9498432601880877,4.0,45,80
0.9749216300940439,5.0,45,80
0.9655172413793104,6.0,45,80
0.9623824451410659,7.0,45,80
0.9435736677115988,8.0,45,80
0.9780564263322884,9.0,45,80
0.857,0.0,6,80
0.8405,1.0,6,80
0.8425,2.0,6,80
0.855,3.0,6,80
0.843,4.0,6,80
0.8465,5.0,6,80
0.8365,6.0,6,80
0.841,7.0,6,80
0.8375,8.0,6,80
0.8545,9.0,6,80
0.9857651245551602,0.0,28,80
0.9875444839857651,1.0,28,80
0.9893238434163701,2.0,28,80
0.9839857651245552,3.0,28,80
0.9875444839857651,4.0,28,80
0.9733096085409253,5.0,28,80
0.9857651245551602,6.0,28,80
0.9893238434163701,7.0,28,80
0.9768683274021353,8.0,28,80
0.9822064056939501,9.0,28,80
0.9942196531791907,0.0,21,80
0.9942196531791907,1.0,21,80
0.9884393063583815,2.0,21,80
0.9942196531791907,3.0,21,80
0.9942196531791907,4.0,21,80
0.9884393063583815,5.0,21,80
0.976878612716763,6.0,21,80
0.9826589595375722,7.0,21,80
0.9941860465116279,8.0,21,80
1.0,9.0,21,80
0.948051948051948,0.0,36,80
0.948051948051948,1.0,36,80
0.9523809523809523,2.0,36,80
0.961038961038961,3.0,36,80
0.974025974025974,4.0,36,80
0.9653679653679653,5.0,36,80
0.948051948051948,6.0,36,80
0.9437229437229437,7.0,36,80
0.9437229437229437,8.0,36,80
0.961038961038961,9.0,36,80
0.78,0.0,31,80
0.75,1.0,31,80
0.74,2.0,31,80
0.76,3.0,31,80
0.68,4.0,31,80
0.77,5.0,31,80
0.7,6.0,31,80
0.8,7.0,31,80
0.77,8.0,31,80
0.77,9.0,31,80
0.8235294117647058,0.0,53,80
0.7764705882352941,1.0,53,80
0.8,2.0,53,80
0.788235294117647,3.0,53,80
0.8117647058823529,4.0,53,80
0.8705882352941177,5.0,53,80
0.7976190476190477,6.0,53,80
0.7976190476190477,7.0,53,80
0.7619047619047619,8.0,53,80
0.7023809523809523,9.0,53,80
0.8181818181818182,0.0,37,80
0.7012987012987013,1.0,37,80
0.7792207792207793,2.0,37,80
0.7272727272727273,3.0,37,80
0.7792207792207793,4.0,37,80
0.8181818181818182,5.0,37,80
0.7662337662337663,6.0,37,80
0.8181818181818182,7.0,37,80
0.7631578947368421,8.0,37,80
0.6973684210526315,9.0,37,80
0.9130434782608695,0.0,41,80
0.9420289855072463,1.0,41,80
0.8695652173913043,2.0,41,80
0.9705882352941176,3.0,41,80
0.9558823529411765,4.0,41,80
0.9705882352941176,5.0,41,80
0.9117647058823529,6.0,41,80
0.9117647058823529,7.0,41,80
0.9411764705882353,8.0,41,80
0.9264705882352942,9.0,41,80
1.0,0.0,24,80
1.0,1.0,24,80
1.0,2.0,24,80
1.0,3.0,24,80
1.0,4.0,24,80
1.0,5.0,24,80
1.0,6.0,24,80
1.0,7.0,24,80
1.0,8.0,24,80
1.0,9.0,24,80
0.5135135135135135,0.0,23,80
0.49324324324324326,1.0,23,80
0.43243243243243246,2.0,23,80
0.48299319727891155,3.0,23,80
0.54421768707483,4.0,23,80
0.5034013605442177,5.0,23,80
0.41496598639455784,6.0,23,80
0.46258503401360546,7.0,23,80
0.54421768707483,8.0,23,80
0.5714285714285714,9.0,23,80
0.9428571428571428,0.0,15,80
0.9714285714285714,1.0,15,80
0.9714285714285714,2.0,15,80
0.9142857142857143,3.0,15,80
0.9857142857142858,4.0,15,80
0.9714285714285714,5.0,15,80
0.9714285714285714,6.0,15,80
0.9285714285714286,7.0,15,80
0.9571428571428572,8.0,15,80
0.9565217391304348,9.0,15,80
0.975,0.0,3,80
0.953125,1.0,3,80
0.975,2.0,3,80
0.975,3.0,3,80
0.975,4.0,3,80
0.975,5.0,3,80
0.9467084639498433,6.0,3,80
0.9529780564263323,7.0,3,80
0.9843260188087775,8.0,3,80
0.9717868338557993,9.0,3,80
0.98,0.0,12,80
0.995,1.0,12,80
0.97,2.0,12,80
0.97,3.0,12,80
0.97,4.0,12,80
0.975,5.0,12,80
0.99,6.0,12,80
0.975,7.0,12,80
0.985,8.0,12,80
0.99,9.0,12,80
0.9583333333333334,0.0,49,80
1.0,1.0,49,80
1.0,2.0,49,80
0.9791666666666666,3.0,49,80
0.9895833333333334,4.0,49,80
0.9791666666666666,5.0,49,80
0.9791666666666666,6.0,49,80
0.9791666666666666,7.0,49,80
0.9789473684210527,8.0,49,80
0.9894736842105263,9.0,49,80
0.82,0.0,14,80
0.825,1.0,14,80
0.84,2.0,14,80
0.895,3.0,14,80
0.805,4.0,14,80
0.835,5.0,14,80
0.825,6.0,14,80
0.865,7.0,14,80
0.86,8.0,14,80
0.81,9.0,14,80
0.785,0.0,22,80
0.855,1.0,22,80
0.845,2.0,22,80
0.845,3.0,22,80
0.835,4.0,22,80
0.825,5.0,22,80
0.84,6.0,22,80
0.83,7.0,22,80
0.84,8.0,22,80
0.8,9.0,22,80
0.9954545454545455,0.0,32,90
0.99,1.0,32,90
0.9899909008189263,2.0,32,90
0.9899909008189263,3.0,32,90
0.9963603275705186,4.0,32,90
0.9963603275705186,5.0,32,90
0.9945404913557779,6.0,32,90
0.9963603275705186,7.0,32,90
0.9927206551410374,8.0,32,90
0.9899909008189263,9.0,32,90
0.858,0.0,58,90
0.852,1.0,58,90
0.878,2.0,58,90
0.884,3.0,58,90
0.854,4.0,58,90
0.866,5.0,58,90
0.87,6.0,58,90
0.872,7.0,58,90
0.856,8.0,58,90
0.864,9.0,58,90
0.975,0.0,20,90
0.98,1.0,20,90
0.98,2.0,20,90
0.97,3.0,20,90
0.955,4.0,20,90
0.985,5.0,20,90
0.97,6.0,20,90
0.97,7.0,20,90
0.975,8.0,20,90
0.97,9.0,20,90
0.71,0.0,18,90
0.725,1.0,18,90
0.735,2.0,18,90
0.745,3.0,18,90
0.735,4.0,18,90
0.785,5.0,18,90
0.745,6.0,18,90
0.745,7.0,18,90
0.73,8.0,18,90
0.76,9.0,18,90
0.9523809523809523,0.0,11,90
0.9206349206349206,1.0,11,90
0.9365079365079365,2.0,11,90
0.8888888888888888,3.0,11,90
0.9206349206349206,4.0,11,90
0.967741935483871,5.0,11,90
0.8387096774193549,6.0,11,90
0.8709677419354839,7.0,11,90
0.9032258064516129,8.0,11,90
0.9193548387096774,9.0,11,90
0.8695652173913043,0.0,29,90
0.8840579710144928,1.0,29,90
0.8405797101449275,2.0,29,90
0.782608695652174,3.0,29,90
0.9130434782608695,4.0,29,90
0.8260869565217391,5.0,29,90
0.855072463768116,6.0,29,90
0.8260869565217391,7.0,29,90
0.8840579710144928,8.0,29,90
0.8840579710144928,9.0,29,90
0.98,0.0,16,90
0.98,1.0,16,90
0.985,2.0,16,90
0.98,3.0,16,90
0.955,4.0,16,90
0.985,5.0,16,90
0.98,6.0,16,90
0.97,7.0,16,90
0.98,8.0,16,90
0.975,9.0,16,90
0.9467084639498433,0.0,45,90
0.9655172413793104,1.0,45,90
0.9592476489028213,2.0,45,90
0.9529780564263323,3.0,45,90
0.9561128526645768,4.0,45,90
0.9749216300940439,5.0,45,90
0.9655172413793104,6.0,45,90
0.9592476489028213,7.0,45,90
0.9435736677115988,8.0,45,90
0.9811912225705329,9.0,45,90
0.8845,0.0,6,90
0.8685,1.0,6,90
0.877,2.0,6,90
0.8765,3.0,6,90
0.8825,4.0,6,90
0.875,5.0,6,90
0.87,6.0,6,90
0.872,7.0,6,90
0.8685,8.0,6,90
0.879,9.0,6,90
0.9839857651245552,0.0,28,90
0.9893238434163701,1.0,28,90
0.9911032028469751,2.0,28,90
0.9822064056939501,3.0,28,90
0.9786476868327402,4.0,28,90
0.9768683274021353,5.0,28,90
0.9804270462633452,6.0,28,90
0.9857651245551602,7.0,28,90
0.9786476868327402,8.0,28,90
0.9822064056939501,9.0,28,90
1.0,0.0,21,90
0.9942196531791907,1.0,21,90
0.9942196531791907,2.0,21,90
0.9942196531791907,3.0,21,90
0.9942196531791907,4.0,21,90
0.9942196531791907,5.0,21,90
0.976878612716763,6.0,21,90
0.9942196531791907,7.0,21,90
0.9941860465116279,8.0,21,90
1.0,9.0,21,90
0.928416485900217,0.0,43,90
0.9282608695652174,1.0,43,90
0.9391304347826087,2.0,43,90
0.9369565217391305,3.0,43,90
0.8934782608695652,4.0,43,90
0.9239130434782609,5.0,43,90
0.9152173913043479,6.0,43,90
0.9260869565217391,7.0,43,90
0.9239130434782609,8.0,43,90
0.9195652173913044,9.0,43,90
0.961038961038961,0.0,36,90
0.9437229437229437,1.0,36,90
0.9567099567099567,2.0,36,90
0.948051948051948,3.0,36,90
0.9783549783549783,4.0,36,90
0.9437229437229437,5.0,36,90
0.974025974025974,6.0,36,90
0.935064935064935,7.0,36,90
0.935064935064935,8.0,36,90
0.9523809523809523,9.0,36,90
0.74,0.0,31,90
0.75,1.0,31,90
0.75,2.0,31,90
0.75,3.0,31,90
0.71,4.0,31,90
0.75,5.0,31,90
0.7,6.0,31,90
0.81,7.0,31,90
0.73,8.0,31,90
0.76,9.0,31,90
0.8,0.0,53,90
0.7647058823529411,1.0,53,90
0.7647058823529411,2.0,53,90
0.8,3.0,53,90
0.8117647058823529,4.0,53,90
0.8470588235294118,5.0,53,90
0.7857142857142857,6.0,53,90
0.7976190476190477,7.0,53,90
0.7857142857142857,8.0,53,90
0.7142857142857143,9.0,53,90
0.8311688311688312,0.0,37,90
0.6883116883116883,1.0,37,90
0.7792207792207793,2.0,37,90
0.7272727272727273,3.0,37,90
0.8051948051948052,4.0,37,90
0.8311688311688312,5.0,37,90
0.7662337662337663,6.0,37,90
0.8181818181818182,7.0,37,90
0.7894736842105263,8.0,37,90
0.7105263157894737,9.0,37,90
0.9130434782608695,0.0,41,90
0.9420289855072463,1.0,41,90
0.8840579710144928,2.0,41,90
0.9705882352941176,3.0,41,90
0.9411764705882353,4.0,41,90
0.9705882352941176,5.0,41,90
0.9117647058823529,6.0,41,90
0.9117647058823529,7.0,41,90
0.8970588235294118,8.0,41,90
0.9264705882352942,9.0,41,90
1.0,0.0,24,90
1.0,1.0,24,90
1.0,2.0,24,90
1.0,3.0,24,90
1.0,4.0,24,90
1.0,5.0,24,90
1.0,6.0,24,90
1.0,7.0,24,90
1.0,8.0,24,90
1.0,9.0,24,90
0.5675675675675675,0.0,23,90
0.5067567567567568,1.0,23,90
0.4864864864864865,2.0,23,90
0.4557823129251701,3.0,23,90
0.5510204081632653,4.0,23,90
0.5510204081632653,5.0,23,90
0.5034013605442177,6.0,23,90
0.5306122448979592,7.0,23,90
0.5374149659863946,8.0,23,90
0.6598639455782312,9.0,23,90
0.9571428571428572,0.0,15,90
0.9714285714285714,1.0,15,90
0.9714285714285714,2.0,15,90
0.9571428571428572,3.0,15,90
1.0,4.0,15,90
0.9714285714285714,5.0,15,90
0.9857142857142858,6.0,15,90
0.9428571428571428,7.0,15,90
0.9714285714285714,8.0,15,90
0.9710144927536232,9.0,15,90
0.975,0.0,3,90
0.953125,1.0,3,90
0.9625,2.0,3,90
0.978125,3.0,3,90
0.975,4.0,3,90
0.975,5.0,3,90
0.9467084639498433,6.0,3,90
0.9561128526645768,7.0,3,90
0.9811912225705329,8.0,3,90
0.9686520376175548,9.0,3,90
0.98,0.0,12,90
0.975,1.0,12,90
0.97,2.0,12,90
0.965,3.0,12,90
0.97,4.0,12,90
0.97,5.0,12,90
0.985,6.0,12,90
0.97,7.0,12,90
0.985,8.0,12,90
0.99,9.0,12,90
0.9791666666666666,0.0,49,90
1.0,1.0,49,90
1.0,2.0,49,90
1.0,3.0,49,90
1.0,4.0,49,90
1.0,5.0,49,90
1.0,6.0,49,90
1.0,7.0,49,90
1.0,8.0,49,90
1.0,9.0,49,90
0.83,0.0,14,90
0.84,1.0,14,90
0.83,2.0,14,90
0.895,3.0,14,90
0.77,4.0,14,90
0.825,5.0,14,90
0.825,6.0,14,90
0.865,7.0,14,90
0.865,8.0,14,90
0.795,9.0,14,90
0.795,0.0,22,90
0.845,1.0,22,90
0.86,2.0,22,90
0.84,3.0,22,90
0.835,4.0,22,90
0.815,5.0,22,90
0.84,6.0,22,90
0.84,7.0,22,90
0.825,8.0,22,90
0.79,9.0,22,90
